<?xml version="1.0" encoding="UTF-8"?>
<assembly xmlns="http://maven.apache.org/plugins/maven-assembly-plugin/assembly/1.1.2" 
          xmlns:xsi="http://www.w3.org/2001/XMLSchema-instance"
          xsi:schemaLocation="http://maven.apache.org/plugins/maven-assembly-plugin/assembly/1.1.2 http://maven.apache.org/xsd/assembly-1.1.2.xsd">
    <!-- 
        Copie de l'assembly dont le descriptorRef est "project" fournit par maven-assembly en standard, auquel on a 
        supprimé les formats tar.*.
    -->
    <id>project</id>
    <formats>
        <format>zip</format>
    </formats>
    <fileSets>
        <fileSet>
            <directory>${project.basedir}</directory>
            <outputDirectory>/</outputDirectory>
            <useDefaultExcludes>true</useDefaultExcludes>
            <excludes>
                <exclude>**/*.log</exclude>
                <exclude>**/${project.build.directory}/**</exclude>
            </excludes>
        </fileSet>
    </fileSets>
</assembly>
