INSERT INTO "PUBLIC"."ETAT_AGRICULTEUR" (ETAT_CDN,ETAT_LIB_LB,ETA_RFA) VALUES (1,'En relance','RELA');
INSERT INTO "PUBLIC"."ETAT_AGRICULTEUR" (ETAT_CDN,ETAT_LIB_LB,ETA_RFA) VALUES (2,'Ajourné','AJOU');
INSERT INTO "PUBLIC"."ETAT_AGRICULTEUR" (ETAT_CDN,ETAT_LIB_LB,ETA_RFA) VALUES (3,'Instance de paiement','PAIE');
INSERT INTO "PUBLIC"."ETAT_AGRICULTEUR" (ETAT_CDN,ETAT_LIB_LB,ETA_RFA) VALUES (4,'Montant paye d''a','PAYE');


INSERT INTO "PUBLIC"."TYPE_AGRICULTEUR" (TYPE_CDN,TYPE_LIB_LB,TYPE_RFA) VALUES (1,'Horticulteur','ELEV');
INSERT INTO "PUBLIC"."TYPE_AGRICULTEUR" (TYPE_CDN,TYPE_LIB_LB,TYPE_RFA) VALUES (2,'Arboriculteur','ARBO');
INSERT INTO "PUBLIC"."TYPE_AGRICULTEUR" (TYPE_CDN,TYPE_LIB_LB,TYPE_RFA) VALUES (3,'Horticulteur','HORT');
INSERT INTO "PUBLIC"."TYPE_AGRICULTEUR" (TYPE_CDN,TYPE_LIB_LB,TYPE_RFA) VALUES (4,'Pepinieriste','PEPI');
INSERT INTO "PUBLIC"."TYPE_AGRICULTEUR" (TYPE_CDN,TYPE_LIB_LB,TYPE_RFA) VALUES (5,'Vigneron','VIGN');
INSERT INTO "PUBLIC"."TYPE_AGRICULTEUR" (TYPE_CDN,TYPE_LIB_LB,TYPE_RFA) VALUES (6,'Polyculture élevage','POLY');
INSERT INTO "PUBLIC"."TYPE_AGRICULTEUR" (TYPE_CDN,TYPE_LIB_LB,TYPE_RFA) VALUES (7,'Maraicher','MARA');
INSERT INTO "PUBLIC"."TYPE_AGRICULTEUR" (TYPE_CDN,TYPE_LIB_LB,TYPE_RFA) VALUES (8,'Pepinieriste','PEPI');
INSERT INTO "PUBLIC"."TYPE_AGRICULTEUR" (TYPE_CDN,TYPE_LIB_LB,TYPE_RFA) VALUES (9,'Cultivateur','CULT');
INSERT INTO "PUBLIC"."TYPE_AGRICULTEUR" (TYPE_CDN,TYPE_LIB_LB,TYPE_RFA) VALUES (10,'Céréalier','CER');

INSERT INTO "PUBLIC"."TYPE_PRODUCTION" (TPROD_CDN,TPROD_LIB_LB,TPROD_RFA) VALUES (1,'Production connue','INCO');
INSERT INTO "PUBLIC"."TYPE_PRODUCTION" (TPROD_CDN,TPROD_LIB_LB,TPROD_RFA) VALUES (2,'Choux fourrager','CHOU');
INSERT INTO "PUBLIC"."TYPE_PRODUCTION" (TPROD_CDN,TPROD_LIB_LB,TPROD_RFA) VALUES (3,'Ray grass','RAYG');
INSERT INTO "PUBLIC"."TYPE_PRODUCTION" (TPROD_CDN,TPROD_LIB_LB,TPROD_RFA) VALUES (4,'Prairie permanente','PRAP');
INSERT INTO "PUBLIC"."TYPE_PRODUCTION" (TPROD_CDN,TPROD_LIB_LB,TPROD_RFA) VALUES (5,'Soja','SOJA');
INSERT INTO "PUBLIC"."TYPE_PRODUCTION" (TPROD_CDN,TPROD_LIB_LB,TPROD_RFA) VALUES (6,'Tournesol','TOUR');
INSERT INTO "PUBLIC"."TYPE_PRODUCTION" (TPROD_CDN,TPROD_LIB_LB,TPROD_RFA) VALUES (7,'Vigne','VIGNE');
INSERT INTO "PUBLIC"."TYPE_PRODUCTION" (TPROD_CDN,TPROD_LIB_LB,TPROD_RFA) VALUES (8,'Mais conso','MAIS');
INSERT INTO "PUBLIC"."TYPE_PRODUCTION" (TPROD_CDN,TPROD_LIB_LB,TPROD_RFA) VALUES (9,'Blé','BLE');
INSERT INTO "PUBLIC"."TYPE_PRODUCTION" (TPROD_CDN,TPROD_LIB_LB,TPROD_RFA) VALUES (10,'Mais doux','MADO');

INSERT INTO "PUBLIC"."AGRICULTEUR" (AGR_CDN,AGR_NOM_LB,AGR_PRENOM_LB,AGR_ADR1_LB,AGR_ADR2_LB,AGR_ACTIF_ON,AGR_CODPOS_LB,AGR_PERE_CDN,ETAT_CDN,TYPE_CDN) VALUES (1,'PIGNOREL','Franck','Les Chesnaies','agrAdr2Lb',1,'88550',null,3,4);
INSERT INTO "PUBLIC"."AGRICULTEUR" (AGR_CDN,AGR_NOM_LB,AGR_PRENOM_LB,AGR_ADR1_LB,AGR_ADR2_LB,AGR_ACTIF_ON,AGR_CODPOS_LB,AGR_PERE_CDN,ETAT_CDN,TYPE_CDN) VALUES (2,'PITOISETTE','frederic','HOTEL VIGNETTE',' ',1,'16410',null,2,3);
INSERT INTO "PUBLIC"."AGRICULTEUR" (AGR_CDN,AGR_NOM_LB,AGR_PRENOM_LB,AGR_ADR1_LB,AGR_ADR2_LB,AGR_ACTIF_ON,AGR_CODPOS_LB,AGR_PERE_CDN,ETAT_CDN,TYPE_CDN) VALUES (3,'GUINFOLLEAU','yaëlle','9 RUE DE VILLIERS',' ',1,'59178',null,4,8);
INSERT INTO "PUBLIC"."AGRICULTEUR" (AGR_CDN,AGR_NOM_LB,AGR_PRENOM_LB,AGR_ADR1_LB,AGR_ADR2_LB,AGR_ACTIF_ON,AGR_CODPOS_LB,AGR_PERE_CDN,ETAT_CDN,TYPE_CDN) VALUES (4,'CHESNEL','ben saïde','LA FAVROTIERE héhé','207 rue de bercy',0,'58190',null,2,4);
INSERT INTO "PUBLIC"."AGRICULTEUR" (AGR_CDN,AGR_NOM_LB,AGR_PRENOM_LB,AGR_ADR1_LB,AGR_ADR2_LB,AGR_ACTIF_ON,AGR_CODPOS_LB,AGR_PERE_CDN,ETAT_CDN,TYPE_CDN) VALUES (6,'BOUCLEINVILLE','cathelyne','La Maroutie',' Le boutis',0,'53250',null,4,9);
INSERT INTO "PUBLIC"."AGRICULTEUR" (AGR_CDN,AGR_NOM_LB,AGR_PRENOM_LB,AGR_ADR1_LB,AGR_ADR2_LB,AGR_ACTIF_ON,AGR_CODPOS_LB,AGR_PERE_CDN,ETAT_CDN,TYPE_CDN) VALUES (7,'BENIER','jojo','359 AVENUE GUILLAUME FICHET','359 AVENU GUILLAUME FICHET',0,'31000',null,1,6);
INSERT INTO "PUBLIC"."AGRICULTEUR" (AGR_CDN,AGR_NOM_LB,AGR_PRENOM_LB,AGR_ADR1_LB,AGR_ADR2_LB,AGR_ACTIF_ON,AGR_CODPOS_LB,AGR_PERE_CDN,ETAT_CDN,TYPE_CDN) VALUES (8,'BROSSAT','marie cecile','647 RUE DE NEUVILLE',' ',0,'23340',null,3,10);
INSERT INTO "PUBLIC"."AGRICULTEUR" (AGR_CDN,AGR_NOM_LB,AGR_PRENOM_LB,AGR_ADR1_LB,AGR_ADR2_LB,AGR_ACTIF_ON,AGR_CODPOS_LB,AGR_PERE_CDN,ETAT_CDN,TYPE_CDN) VALUES (9,'GAVERIAUX','moira','1310, CHEMIN LARRUE',null,0,'13450',null,2,3);
INSERT INTO "PUBLIC"."AGRICULTEUR" (AGR_CDN,AGR_NOM_LB,AGR_PRENOM_LB,AGR_ADR1_LB,AGR_ADR2_LB,AGR_ACTIF_ON,AGR_CODPOS_LB,AGR_PERE_CDN,ETAT_CDN,TYPE_CDN) VALUES (10,'MICHELETTO','anne-carole','17 RUE DU LAVANDIN','Taxo d''Amont',0,'55100',null,2,1);
INSERT INTO "PUBLIC"."AGRICULTEUR" (AGR_CDN,AGR_NOM_LB,AGR_PRENOM_LB,AGR_ADR1_LB,AGR_ADR2_LB,AGR_ACTIF_ON,AGR_CODPOS_LB,AGR_PERE_CDN,ETAT_CDN,TYPE_CDN) VALUES (12,'BALDE','Madiara','Amiens',' ',1,'31650',null,3,1);
INSERT INTO "PUBLIC"."AGRICULTEUR" (AGR_CDN,AGR_NOM_LB,AGR_PRENOM_LB,AGR_ADR1_LB,AGR_ADR2_LB,AGR_ACTIF_ON,AGR_CODPOS_LB,AGR_PERE_CDN,ETAT_CDN,TYPE_CDN) VALUES (18,'BOUBEKER','Hicham','Bordeaux',' ',1,'31210',null,3,1);
INSERT INTO "PUBLIC"."AGRICULTEUR" (AGR_CDN,AGR_NOM_LB,AGR_PRENOM_LB,AGR_ADR1_LB,AGR_ADR2_LB,AGR_ACTIF_ON,AGR_CODPOS_LB,AGR_PERE_CDN,ETAT_CDN,TYPE_CDN) VALUES (20,'test','test','Brest','',1,'31326',null,3,1);
INSERT INTO "PUBLIC"."AGRICULTEUR" (AGR_CDN,AGR_NOM_LB,AGR_PRENOM_LB,AGR_ADR1_LB,AGR_ADR2_LB,AGR_ACTIF_ON,AGR_CODPOS_LB,AGR_PERE_CDN,ETAT_CDN,TYPE_CDN) VALUES (21,'MACHIN','PAUL','Paris','test',1,'31326',null,2,1);
INSERT INTO "PUBLIC"."AGRICULTEUR" (AGR_CDN,AGR_NOM_LB,AGR_PRENOM_LB,AGR_ADR1_LB,AGR_ADR2_LB,AGR_ACTIF_ON,AGR_CODPOS_LB,AGR_PERE_CDN,ETAT_CDN,TYPE_CDN) VALUES (23,'MICHOU','bastien','Anne-carole',' ',1,'31840',null,3,1);
INSERT INTO "PUBLIC"."AGRICULTEUR" (AGR_CDN,AGR_NOM_LB,AGR_PRENOM_LB,AGR_ADR1_LB,AGR_ADR2_LB,AGR_ACTIF_ON,AGR_CODPOS_LB,AGR_PERE_CDN,ETAT_CDN,TYPE_CDN) VALUES (25,'RIBERY','Franck','Rue de la licorne Tournefeuille','Pahin',1,'31170',null,3,3);
INSERT INTO "PUBLIC"."AGRICULTEUR" (AGR_CDN,AGR_NOM_LB,AGR_PRENOM_LB,AGR_ADR1_LB,AGR_ADR2_LB,AGR_ACTIF_ON,AGR_CODPOS_LB,AGR_PERE_CDN,ETAT_CDN,TYPE_CDN) VALUES (28,'Nobody','DontKnow','Rue pouzonville','colonne',1,'31840',null,3,1);
INSERT INTO "PUBLIC"."AGRICULTEUR" (AGR_CDN,AGR_NOM_LB,AGR_PRENOM_LB,AGR_ADR1_LB,AGR_ADR2_LB,AGR_ACTIF_ON,AGR_CODPOS_LB,AGR_PERE_CDN,ETAT_CDN,TYPE_CDN) VALUES (33,'Duponteld','Jean','Route de seysse','',1,'75015',null,3,1);
INSERT INTO "PUBLIC"."AGRICULTEUR" (AGR_CDN,AGR_NOM_LB,AGR_PRENOM_LB,AGR_ADR1_LB,AGR_ADR2_LB,AGR_ACTIF_ON,AGR_CODPOS_LB,AGR_PERE_CDN,ETAT_CDN,TYPE_CDN) VALUES (40,'Dumm','Mike','Blagnac',' ',1,'31200',null,1,7);
INSERT INTO "PUBLIC"."AGRICULTEUR" (AGR_CDN,AGR_NOM_LB,AGR_PRENOM_LB,AGR_ADR1_LB,AGR_ADR2_LB,AGR_ACTIF_ON,AGR_CODPOS_LB,AGR_PERE_CDN,ETAT_CDN,TYPE_CDN) VALUES (41,'BENZEMA','Karim','Montpellier','',1,'31650',null,3,1);
INSERT INTO "PUBLIC"."AGRICULTEUR" (AGR_CDN,AGR_NOM_LB,AGR_PRENOM_LB,AGR_ADR1_LB,AGR_ADR2_LB,AGR_ACTIF_ON,AGR_CODPOS_LB,AGR_PERE_CDN,ETAT_CDN,TYPE_CDN) VALUES (42,'EVRA','Patrice','Rouen','adr',1,'31840',null,3,2);


INSERT INTO "PUBLIC"."PARCELLE" (PAR_CDN,PAR_LIB_LB,PAR_SURFACE_INT,PAR_CADAST_LB,AGR_CDN) VALUES (36,'parcelle1',3,'libelle cadastre',6);
INSERT INTO "PUBLIC"."PARCELLE" (PAR_CDN,PAR_LIB_LB,PAR_SURFACE_INT,PAR_CADAST_LB,AGR_CDN) VALUES (37,'parcelle2',50,'libelle cadastre',8);
INSERT INTO "PUBLIC"."PARCELLE" (PAR_CDN,PAR_LIB_LB,PAR_SURFACE_INT,PAR_CADAST_LB,AGR_CDN) VALUES (43,'parcelle3',50,'libelle cadastre',7);
INSERT INTO "PUBLIC"."PARCELLE" (PAR_CDN,PAR_LIB_LB,PAR_SURFACE_INT,PAR_CADAST_LB,AGR_CDN) VALUES (44,'parcelle4',50,'libelle cadastre',20);
INSERT INTO "PUBLIC"."PARCELLE" (PAR_CDN,PAR_LIB_LB,PAR_SURFACE_INT,PAR_CADAST_LB,AGR_CDN) VALUES (45,'parcelle5',50,'libelle cadastre',21);
INSERT INTO "PUBLIC"."PARCELLE" (PAR_CDN,PAR_LIB_LB,PAR_SURFACE_INT,PAR_CADAST_LB,AGR_CDN) VALUES (46,'parcelle6',50,'libelle cadastre',21);
INSERT INTO "PUBLIC"."PARCELLE" (PAR_CDN,PAR_LIB_LB,PAR_SURFACE_INT,PAR_CADAST_LB,AGR_CDN) VALUES (47,'parcelle7',50,'libelle cadastre',25);
INSERT INTO "PUBLIC"."PARCELLE" (PAR_CDN,PAR_LIB_LB,PAR_SURFACE_INT,PAR_CADAST_LB,AGR_CDN) VALUES (48,'parcelle8',50,'libelle cadastre',6);
INSERT INTO "PUBLIC"."PARCELLE" (PAR_CDN,PAR_LIB_LB,PAR_SURFACE_INT,PAR_CADAST_LB,AGR_CDN) VALUES (49,'parcelle9',4,'libelle cadastre',21);
INSERT INTO "PUBLIC"."PARCELLE" (PAR_CDN,PAR_LIB_LB,PAR_SURFACE_INT,PAR_CADAST_LB,AGR_CDN) VALUES (50,'parcelle10',50,'libelle cadastre',23);
INSERT INTO "PUBLIC"."PARCELLE" (PAR_CDN,PAR_LIB_LB,PAR_SURFACE_INT,PAR_CADAST_LB,AGR_CDN) VALUES (51,'parcelle11',50,'libelle cadastre',21);
INSERT INTO "PUBLIC"."PARCELLE" (PAR_CDN,PAR_LIB_LB,PAR_SURFACE_INT,PAR_CADAST_LB,AGR_CDN) VALUES (54,'parcelle12',50,'libelle cadastre',23);
INSERT INTO "PUBLIC"."PARCELLE" (PAR_CDN,PAR_LIB_LB,PAR_SURFACE_INT,PAR_CADAST_LB,AGR_CDN) VALUES (59,'parcelle13',50,'libelle cadastre',6);
INSERT INTO "PUBLIC"."PARCELLE" (PAR_CDN,PAR_LIB_LB,PAR_SURFACE_INT,PAR_CADAST_LB,AGR_CDN) VALUES (64,'parcelle14',50,'libelle cadastre',28);
INSERT INTO "PUBLIC"."PARCELLE" (PAR_CDN,PAR_LIB_LB,PAR_SURFACE_INT,PAR_CADAST_LB,AGR_CDN) VALUES (65,'parcelle15',50,'libelle cadastre',28);
INSERT INTO "PUBLIC"."PARCELLE" (PAR_CDN,PAR_LIB_LB,PAR_SURFACE_INT,PAR_CADAST_LB,AGR_CDN) VALUES (66,'parcelle16',50,'libelle parcelle  Gl',null);
INSERT INTO "PUBLIC"."PARCELLE" (PAR_CDN,PAR_LIB_LB,PAR_SURFACE_INT,PAR_CADAST_LB,AGR_CDN) VALUES (68,'parcelle17',200,'cadastre Glassfish',null);
INSERT INTO "PUBLIC"."PARCELLE" (PAR_CDN,PAR_LIB_LB,PAR_SURFACE_INT,PAR_CADAST_LB,AGR_CDN) VALUES (76,'parcelle18',50,'libelle cadastre',null);
INSERT INTO "PUBLIC"."PARCELLE" (PAR_CDN,PAR_LIB_LB,PAR_SURFACE_INT,PAR_CADAST_LB,AGR_CDN) VALUES (77,'parcelle19',50,'libelle cadastre',33);
INSERT INTO "PUBLIC"."PARCELLE" (PAR_CDN,PAR_LIB_LB,PAR_SURFACE_INT,PAR_CADAST_LB,AGR_CDN) VALUES (78,'parcelle20',50,'libelle cadastre',33);
INSERT INTO "PUBLIC"."PARCELLE" (PAR_CDN,PAR_LIB_LB,PAR_SURFACE_INT,PAR_CADAST_LB,AGR_CDN) VALUES (90,'parcelle21',50,'libelle cadastre',40);
INSERT INTO "PUBLIC"."PARCELLE" (PAR_CDN,PAR_LIB_LB,PAR_SURFACE_INT,PAR_CADAST_LB,AGR_CDN) VALUES (91,'parcelle22',50,'libelle cadastre',41);
INSERT INTO "PUBLIC"."PARCELLE" (PAR_CDN,PAR_LIB_LB,PAR_SURFACE_INT,PAR_CADAST_LB,AGR_CDN) VALUES (92,'parcelle23',50,'libelle cadastre',41);
INSERT INTO "PUBLIC"."PARCELLE" (PAR_CDN,PAR_LIB_LB,PAR_SURFACE_INT,PAR_CADAST_LB,AGR_CDN) VALUES (93,'parcelle24',50,'libelle cadastre',42);
INSERT INTO "PUBLIC"."PARCELLE" (PAR_CDN,PAR_LIB_LB,PAR_SURFACE_INT,PAR_CADAST_LB,AGR_CDN) VALUES (94,'parcelle25',50,'libelle cadastre',42);
INSERT INTO "PUBLIC"."PARCELLE" (PAR_CDN,PAR_LIB_LB,PAR_SURFACE_INT,PAR_CADAST_LB,AGR_CDN) VALUES (105,'parcelle26',9,'',7);
INSERT INTO "PUBLIC"."PARCELLE" (PAR_CDN,PAR_LIB_LB,PAR_SURFACE_INT,PAR_CADAST_LB,AGR_CDN) VALUES (108,'parcelle27',9,'test',3);
INSERT INTO "PUBLIC"."PARCELLE" (PAR_CDN,PAR_LIB_LB,PAR_SURFACE_INT,PAR_CADAST_LB,AGR_CDN) VALUES (110,'parcelle28',45,'test',21);
INSERT INTO "PUBLIC"."PARCELLE" (PAR_CDN,PAR_LIB_LB,PAR_SURFACE_INT,PAR_CADAST_LB,AGR_CDN) VALUES (111,'parcelle29',250,'test',4);
INSERT INTO "PUBLIC"."PARCELLE" (PAR_CDN,PAR_LIB_LB,PAR_SURFACE_INT,PAR_CADAST_LB,AGR_CDN) VALUES (152,'parcelle30',50,'libelle cadastre',7);
INSERT INTO "PUBLIC"."PARCELLE" (PAR_CDN,PAR_LIB_LB,PAR_SURFACE_INT,PAR_CADAST_LB,AGR_CDN) VALUES (153,'parcelle31',2,'cadastre1',2);
INSERT INTO "PUBLIC"."PARCELLE" (PAR_CDN,PAR_LIB_LB,PAR_SURFACE_INT,PAR_CADAST_LB,AGR_CDN) VALUES (169,'parcelle32',50,'libelle cadastre',40);
INSERT INTO "PUBLIC"."PARCELLE" (PAR_CDN,PAR_LIB_LB,PAR_SURFACE_INT,PAR_CADAST_LB,AGR_CDN) VALUES (189,'parcelle33',300,'Test-Libellé',40);
INSERT INTO "PUBLIC"."PARCELLE" (PAR_CDN,PAR_LIB_LB,PAR_SURFACE_INT,PAR_CADAST_LB,AGR_CDN) VALUES (192,'parcelle34',300,'Test-Libellé',40);
INSERT INTO "PUBLIC"."PARCELLE" (PAR_CDN,PAR_LIB_LB,PAR_SURFACE_INT,PAR_CADAST_LB,AGR_CDN) VALUES (193,'parcelle35',300,'Test-Libellé',40);
INSERT INTO "PUBLIC"."PARCELLE" (PAR_CDN,PAR_LIB_LB,PAR_SURFACE_INT,PAR_CADAST_LB,AGR_CDN) VALUES (196,'parcelle36',300,'Test-Libellé',40);
INSERT INTO "PUBLIC"."PARCELLE" (PAR_CDN,PAR_LIB_LB,PAR_SURFACE_INT,PAR_CADAST_LB,AGR_CDN) VALUES (197,'parcelle37',300,'Test-Libellé',40);
INSERT INTO "PUBLIC"."PARCELLE" (PAR_CDN,PAR_LIB_LB,PAR_SURFACE_INT,PAR_CADAST_LB,AGR_CDN) VALUES (202,'parcelle38',50,'libelle cadastre',null);
INSERT INTO "PUBLIC"."PARCELLE" (PAR_CDN,PAR_LIB_LB,PAR_SURFACE_INT,PAR_CADAST_LB,AGR_CDN) VALUES (203,'parcelle39',50,'libelle cadastre',null);
INSERT INTO "PUBLIC"."PARCELLE" (PAR_CDN,PAR_LIB_LB,PAR_SURFACE_INT,PAR_CADAST_LB,AGR_CDN) VALUES (204,'parcelle40',50,'libelle cadastre',null);
INSERT INTO "PUBLIC"."PARCELLE" (PAR_CDN,PAR_LIB_LB,PAR_SURFACE_INT,PAR_CADAST_LB,AGR_CDN) VALUES (205,'parcelle41',50,'libelle cadastre',null);
INSERT INTO "PUBLIC"."PARCELLE" (PAR_CDN,PAR_LIB_LB,PAR_SURFACE_INT,PAR_CADAST_LB,AGR_CDN) VALUES (206,'parcelle42',50,'libelle cadastre',null);
INSERT INTO "PUBLIC"."PARCELLE" (PAR_CDN,PAR_LIB_LB,PAR_SURFACE_INT,PAR_CADAST_LB,AGR_CDN) VALUES (207,'parcelle43',50,'libelle cadastre',null);
INSERT INTO "PUBLIC"."PARCELLE" (PAR_CDN,PAR_LIB_LB,PAR_SURFACE_INT,PAR_CADAST_LB,AGR_CDN) VALUES (208,'parcelle44',50,'libelle cadastre',null);


INSERT INTO "PUBLIC"."PRODUCTION" (PROD_CDN,PROD_QTE_NUM,PROD_UNITE_LB,PROD_DT,PAR_CDN,TPROD_CDN) VALUES (115,10.00,'Ha',null,46,9);
INSERT INTO "PUBLIC"."PRODUCTION" (PROD_CDN,PROD_QTE_NUM,PROD_UNITE_LB,PROD_DT,PAR_CDN,TPROD_CDN) VALUES (116,17.00,'Ha',null,46,2);
INSERT INTO "PUBLIC"."PRODUCTION" (PROD_CDN,PROD_QTE_NUM,PROD_UNITE_LB,PROD_DT,PAR_CDN,TPROD_CDN) VALUES (117,10.00,'Ha',null,46,2);
INSERT INTO "PUBLIC"."PRODUCTION" (PROD_CDN,PROD_QTE_NUM,PROD_UNITE_LB,PROD_DT,PAR_CDN,TPROD_CDN) VALUES (118,75.00,'Ha',null,46,9);
INSERT INTO "PUBLIC"."PRODUCTION" (PROD_CDN,PROD_QTE_NUM,PROD_UNITE_LB,PROD_DT,PAR_CDN,TPROD_CDN) VALUES (119,3.00,'Ha',null,45,6);
INSERT INTO "PUBLIC"."PRODUCTION" (PROD_CDN,PROD_QTE_NUM,PROD_UNITE_LB,PROD_DT,PAR_CDN,TPROD_CDN) VALUES (122,10.00,'Ha',null,66,4);
INSERT INTO "PUBLIC"."PRODUCTION" (PROD_CDN,PROD_QTE_NUM,PROD_UNITE_LB,PROD_DT,PAR_CDN,TPROD_CDN) VALUES (126,20.00,'Ha',null,68,2);
INSERT INTO "PUBLIC"."PRODUCTION" (PROD_CDN,PROD_QTE_NUM,PROD_UNITE_LB,PROD_DT,PAR_CDN,TPROD_CDN) VALUES (130,12.00,'Ha',null,49,2);
INSERT INTO "PUBLIC"."PRODUCTION" (PROD_CDN,PROD_QTE_NUM,PROD_UNITE_LB,PROD_DT,PAR_CDN,TPROD_CDN) VALUES (132,10.00,'Ha',null,49,2);
INSERT INTO "PUBLIC"."PRODUCTION" (PROD_CDN,PROD_QTE_NUM,PROD_UNITE_LB,PROD_DT,PAR_CDN,TPROD_CDN) VALUES (134,10.00,'Ha',null,49,9);
INSERT INTO "PUBLIC"."PRODUCTION" (PROD_CDN,PROD_QTE_NUM,PROD_UNITE_LB,PROD_DT,PAR_CDN,TPROD_CDN) VALUES (139,100.00,'Ha',null,76,10);
INSERT INTO "PUBLIC"."PRODUCTION" (PROD_CDN,PROD_QTE_NUM,PROD_UNITE_LB,PROD_DT,PAR_CDN,TPROD_CDN) VALUES (140,10.00,'Ha',null,36,8);
INSERT INTO "PUBLIC"."PRODUCTION" (PROD_CDN,PROD_QTE_NUM,PROD_UNITE_LB,PROD_DT,PAR_CDN,TPROD_CDN) VALUES (141,20.00,'Ha',null,36,2);
INSERT INTO "PUBLIC"."PRODUCTION" (PROD_CDN,PROD_QTE_NUM,PROD_UNITE_LB,PROD_DT,PAR_CDN,TPROD_CDN) VALUES (151,100.00,'Ha',null,169,2);
INSERT INTO "PUBLIC"."PRODUCTION" (PROD_CDN,PROD_QTE_NUM,PROD_UNITE_LB,PROD_DT,PAR_CDN,TPROD_CDN) VALUES (152,100.00,'Ha',null,169,1);
INSERT INTO "PUBLIC"."PRODUCTION" (PROD_CDN,PROD_QTE_NUM,PROD_UNITE_LB,PROD_DT,PAR_CDN,TPROD_CDN) VALUES (153,100.00,'Ha',null,169,1);
INSERT INTO "PUBLIC"."PRODUCTION" (PROD_CDN,PROD_QTE_NUM,PROD_UNITE_LB,PROD_DT,PAR_CDN,TPROD_CDN) VALUES (191,100.00,'Ha',null,189,2);
INSERT INTO "PUBLIC"."PRODUCTION" (PROD_CDN,PROD_QTE_NUM,PROD_UNITE_LB,PROD_DT,PAR_CDN,TPROD_CDN) VALUES (192,100.00,'Ha',null,189,1);
INSERT INTO "PUBLIC"."PRODUCTION" (PROD_CDN,PROD_QTE_NUM,PROD_UNITE_LB,PROD_DT,PAR_CDN,TPROD_CDN) VALUES (193,100.00,'Ha',null,189,1);
INSERT INTO "PUBLIC"."PRODUCTION" (PROD_CDN,PROD_QTE_NUM,PROD_UNITE_LB,PROD_DT,PAR_CDN,TPROD_CDN) VALUES (196,100.00,'Ha',null,192,2);
INSERT INTO "PUBLIC"."PRODUCTION" (PROD_CDN,PROD_QTE_NUM,PROD_UNITE_LB,PROD_DT,PAR_CDN,TPROD_CDN) VALUES (197,100.00,'Ha',null,193,2);
INSERT INTO "PUBLIC"."PRODUCTION" (PROD_CDN,PROD_QTE_NUM,PROD_UNITE_LB,PROD_DT,PAR_CDN,TPROD_CDN) VALUES (198,100.00,'Ha',null,192,1);
INSERT INTO "PUBLIC"."PRODUCTION" (PROD_CDN,PROD_QTE_NUM,PROD_UNITE_LB,PROD_DT,PAR_CDN,TPROD_CDN) VALUES (199,100.00,'Ha',null,193,1);
INSERT INTO "PUBLIC"."PRODUCTION" (PROD_CDN,PROD_QTE_NUM,PROD_UNITE_LB,PROD_DT,PAR_CDN,TPROD_CDN) VALUES (200,100.00,'Ha',null,192,1);
INSERT INTO "PUBLIC"."PRODUCTION" (PROD_CDN,PROD_QTE_NUM,PROD_UNITE_LB,PROD_DT,PAR_CDN,TPROD_CDN) VALUES (201,100.00,'Ha',null,193,1);
INSERT INTO "PUBLIC"."PRODUCTION" (PROD_CDN,PROD_QTE_NUM,PROD_UNITE_LB,PROD_DT,PAR_CDN,TPROD_CDN) VALUES (204,100.00,'Ha',null,196,2);
INSERT INTO "PUBLIC"."PRODUCTION" (PROD_CDN,PROD_QTE_NUM,PROD_UNITE_LB,PROD_DT,PAR_CDN,TPROD_CDN) VALUES (205,100.00,'Ha',null,196,1);
INSERT INTO "PUBLIC"."PRODUCTION" (PROD_CDN,PROD_QTE_NUM,PROD_UNITE_LB,PROD_DT,PAR_CDN,TPROD_CDN) VALUES (206,100.00,'Ha',null,196,1);
INSERT INTO "PUBLIC"."PRODUCTION" (PROD_CDN,PROD_QTE_NUM,PROD_UNITE_LB,PROD_DT,PAR_CDN,TPROD_CDN) VALUES (207,100.00,'Ha',null,197,2);
INSERT INTO "PUBLIC"."PRODUCTION" (PROD_CDN,PROD_QTE_NUM,PROD_UNITE_LB,PROD_DT,PAR_CDN,TPROD_CDN) VALUES (208,100.00,'Ha',null,197,1);
INSERT INTO "PUBLIC"."PRODUCTION" (PROD_CDN,PROD_QTE_NUM,PROD_UNITE_LB,PROD_DT,PAR_CDN,TPROD_CDN) VALUES (209,100.00,'Ha',null,197,1);